模式,药效,等级,基液,药材,盐,P1等价消耗,P2价值,下界,差距,状态
no_salt,中毒,1,油,恶臭磨菇 × 1,{},1.0,7.5,1.0,0.0,药材等价消耗已达资源下界（当前引擎模型）
no_salt,中毒,2,油,恶臭磨菇 × 1,{},1.0,7.5,1.0,0.0,药材等价消耗已达资源下界（当前引擎模型）
no_salt,中毒,3,水,恶臭磨菇 × 2,{},2.0,15.0,1.0,1.0,当前最好可行解
no_salt,光,1,油,熔岩根茎 × 1，硫磺架 × 2,{},3.0,37.79999923706055,1.0,2.0,当前最好可行解
no_salt,光,2,水,岩浆羊肚菌 × 1，火焰草 × 1，恐怖芽 × 1,{},3.0,60.5,1.0,2.0,当前最好可行解
no_salt,光,3,水,岩浆羊肚菌 × 1，火焰草 × 1，恐怖芽 × 1,{},3.0,60.5,1.0,2.0,当前最好可行解
no_salt,冰霜,1,葡萄酒,缠枝草 × 1,{},1.0,12.899999618530273,1.0,0.0,药材等价消耗已达资源下界（当前引擎模型）
no_salt,冰霜,2,葡萄酒,缠枝草 × 1,{},1.0,12.899999618530273,1.0,0.0,药材等价消耗已达资源下界（当前引擎模型）
no_salt,冰霜,3,水,水之花 × 1，缠枝草 × 1,{},2.0,21.09999942779541,1.0,1.0,当前最好可行解
no_salt,减速,1,葡萄酒,泥浆菇 × 1，土黄铁矿 × 1,{},2.0,98.40000343322754,1.0,1.0,当前最好可行解
no_salt,减速,2,葡萄酒,泥浆菇 × 1，土黄铁矿 × 1,{},2.0,98.40000343322754,1.0,1.0,当前最好可行解
no_salt,减速,3,水,治疗师的石楠 × 1，泥浆菇 × 1，泰拉瑞亚 × 1，金棘 × 1,{},4.0,66.80000019073486,1.0,3.0,当前最好可行解
no_salt,力量,1,葡萄酒,泥浆菇 × 1,{},1.0,21.600000381469727,1.0,0.0,药材等价消耗已达资源下界（当前引擎模型）
no_salt,力量,2,葡萄酒,泥浆菇 × 1,{},1.0,21.600000381469727,1.0,0.0,药材等价消耗已达资源下界（当前引擎模型）
no_salt,力量,3,水,治疗师的石楠 × 1，墓穴松露 × 1,{},2.0,50.79999923706055,1.0,1.0,当前最好可行解
no_salt,加速,1,水,漩涡草 × 1，羽之花 × 1,{},2.0,46.79999923706055,1.0,1.0,当前最好可行解
no_salt,加速,2,水,漩涡草 × 2,{},2.0,52.0,1.0,1.0,当前最好可行解
no_salt,加速,3,水,漩涡草 × 2,{},2.0,52.0,1.0,1.0,当前最好可行解
no_salt,反魔法,1,油,咒之花 × 2，奥术水晶 × 1，影子鸡油菇 × 1，法师莓 × 1,{},5.0,242.70000076293945,1.0,4.0,当前最好可行解
no_salt,反魔法,2,油,咒之花 × 2，奥术水晶 × 2，法师莓 × 1,{},5.0,339.7000045776367,1.0,4.0,当前最好可行解
no_salt,反魔法,3,油,咒之花 × 2，缠枝草 × 1，法师莓 × 1，幻梦甜菜 × 1，风之花 × 1,{},6.0,145.09999752044678,1.0,5.0,当前最好可行解
no_salt,回春,1,油,治疗师的石楠 × 4，水之盖 × 1，水之花 × 1,{},6.0,111.7999963760376,1.0,5.0,当前最好可行解
no_salt,回春,2,油,治疗师的石楠 × 4，水之盖 × 1，树仙鞍菇 × 1,{},6.0,111.99999618530273,1.0,5.0,当前最好可行解
no_salt,回春,3,油,治疗师的石楠 × 4，水之盖 × 1，树仙鞍菇 × 1,{},6.0,111.99999618530273,1.0,5.0,当前最好可行解
no_salt,巨化,1,油,岩浆羊肚菌 × 3，繁之花 × 1，硫磺架 × 1,{},5.0,119.80000019073486,1.0,4.0,当前最好可行解
no_salt,巨化,2,油,岩浆羊肚菌 × 3，繁之花 × 1，火焰草 × 1,{},5.0,125.70000076293945,1.0,4.0,当前最好可行解
no_salt,巨化,3,油,岩浆羊肚菌 × 3，龙椒 × 1，繁之花 × 1,{},5.0,136.30000114440918,1.0,4.0,当前最好可行解
no_salt,幸运,1,葡萄酒,水之盖 × 1，奥术水晶 × 1，幻梦甜菜 × 1，冰霜蓝宝石 × 1,{},4.0,256.4000053405762,1.0,3.0,当前最好可行解
no_salt,幸运,2,葡萄酒,水之盖 × 1，奥术水晶 × 1，幻梦甜菜 × 1，冰霜蓝宝石 × 1,{},4.0,256.4000053405762,1.0,3.0,当前最好可行解
no_salt,幸运,3,葡萄酒,水之盖 × 1，奥术水晶 × 1，幻梦甜菜 × 1，冰霜蓝宝石 × 1,{},4.0,256.4000053405762,1.0,3.0,当前最好可行解
no_salt,性欲,1,葡萄酒,龙椒 × 1，熔岩根茎 × 1,{},2.0,42.60000038146973,1.0,1.0,当前最好可行解
no_salt,性欲,2,葡萄酒,龙椒 × 1，火铃铛 × 1，疯癫磨菇 × 1,{},3.0,45.500000953674316,1.0,2.0,当前最好可行解
no_salt,性欲,3,水,繁之花 × 2，火焰草 × 1，火黄晶 × 1,{},4.0,168.00000190734863,1.0,3.0,当前最好可行解
no_salt,恐忧,1,葡萄酒,火黄晶 × 1，恐怖芽 × 1，血红石 × 1，绒之花 × 1,{},4.0,236.00000190734863,1.0,3.0,当前最好可行解
no_salt,恐忧,2,葡萄酒,血红石 × 2，火焰草 × 1，迷雾伞 × 1,{},4.0,241.80000114440918,1.0,3.0,当前最好可行解
no_salt,恐忧,3,葡萄酒,血红石 × 2，火焰草 × 1，迷雾伞 × 1,{},4.0,241.80000114440918,1.0,3.0,当前最好可行解
no_salt,悬浮,1,葡萄酒,云晶 × 1，雷蓟 × 1，血红石 × 1,{},3.0,229.3000030517578,1.0,2.0,当前最好可行解
no_salt,悬浮,2,水,漩涡草 × 2，疯癫磨菇 × 1，云晶 × 1，血棘 × 1,{},5.0,188.2000026702881,1.0,4.0,当前最好可行解
no_salt,悬浮,3,水,漩涡草 × 2，云晶 × 1，风之花 × 1，掌握根茎 × 1,{},5.0,191.40000247955322,1.0,4.0,当前最好可行解
no_salt,死灵术,1,葡萄酒,泥浆菇 × 1，棘条 × 1，瘟疫辉锑矿 × 1,{},3.0,123.99999809265137,1.0,2.0,当前最好可行解
no_salt,死灵术,2,水,墓穴松露 × 2，泥浆菇 × 1，棘条 × 1，火黄晶 × 1,{},5.0,196.600004196167,1.0,4.0,当前最好可行解
no_salt,死灵术,3,水,墓穴松露 × 2，泥浆菇 × 1，棘条 × 1，火黄晶 × 1,{},5.0,196.600004196167,1.0,4.0,当前最好可行解
no_salt,治疗,1,油,生命叶 × 1,{},1.0,6.0,1.0,0.0,药材等价消耗已达资源下界（当前引擎模型）
no_salt,治疗,2,葡萄酒,生命叶 × 1,{},1.0,6.0,1.0,0.0,药材等价消耗已达资源下界（当前引擎模型）
no_salt,治疗,3,水,治疗师的石楠 × 1,{},1.0,19.299999237060547,1.0,0.0,药材等价消耗已达资源下界（当前引擎模型）
no_salt,法力,1,葡萄酒,法师莓 × 1,{},1.0,38.099998474121094,1.0,0.0,药材等价消耗已达资源下界（当前引擎模型）
no_salt,法力,2,水,咒之花 × 1，巫术蘑菇 × 1,{},2.0,43.60000038146973,1.0,1.0,当前最好可行解
no_salt,法力,3,水,咒之花 × 1，影子鸡油菇 × 1,{},2.0,53.79999923706055,1.0,1.0,当前最好可行解
no_salt,滑润,1,油,水之盖 × 1，冰霜蓝宝石 × 1，常青蕨 × 1,{},3.0,141.8000030517578,1.0,2.0,当前最好可行解
no_salt,滑润,2,油,寒叶 × 1，缠枝草 × 2，生命叶 × 1,{},4.0,51.19999885559082,1.0,3.0,当前最好可行解
no_salt,滑润,3,油,寒叶 × 1，缠枝草 × 2，生命叶 × 1,{},4.0,51.19999885559082,1.0,3.0,当前最好可行解
no_salt,火,1,油,恶臭磨菇 × 1，硫磺架 × 1,{},2.0,19.199999809265137,1.0,1.0,当前最好可行解
no_salt,火,2,油,硫磺架 × 2,{},2.0,23.399999618530273,1.0,1.0,当前最好可行解
no_salt,火,3,水,熔岩根茎 × 1，硫磺架 × 1,{},2.0,26.09999942779541,1.0,1.0,当前最好可行解
no_salt,灵巧,1,葡萄酒,法师莓 × 1，冰霜蓝宝石 × 1,{},2.0,131.9000015258789,1.0,1.0,当前最好可行解
no_salt,灵巧,2,葡萄酒,法师莓 × 1，冰霜蓝宝石 × 1,{},2.0,131.9000015258789,1.0,1.0,当前最好可行解
no_salt,灵巧,3,水,寒叶 × 1，法师莓 × 1，缠枝草 × 1,{},3.0,70.39999771118164,1.0,2.0,当前最好可行解
no_salt,灵感,1,葡萄酒,云晶 × 1，咒之花 × 1，风之花 × 1，血红石 × 1,{},4.0,254.50000286102295,1.0,3.0,当前最好可行解
no_salt,灵感,2,葡萄酒,云晶 × 1，咒之花 × 1，风之花 × 1，血红石 × 1,{},4.0,254.50000286102295,1.0,3.0,当前最好可行解
no_salt,灵感,3,葡萄酒,云晶 × 1，咒之花 × 1，羽之花 × 1，血红石 × 1,{},4.0,265.60000228881836,1.0,3.0,当前最好可行解
no_salt,爆炸,1,油,疯癫磨菇 × 1，血棘 × 1,{},2.0,25.399999618530273,1.0,1.0,当前最好可行解
no_salt,爆炸,2,水,繁之花 × 1，掌握根茎 × 1,{},2.0,47.19999885559082,1.0,1.0,当前最好可行解
no_salt,爆炸,3,水,繁之花 × 1，掌握根茎 × 1,{},2.0,47.19999885559082,1.0,1.0,当前最好可行解
no_salt,狂怒,1,葡萄酒,血棘 × 1，火铃铛 × 1，血红石 × 1,{},3.0,125.49999904632568,1.0,2.0,当前最好可行解
no_salt,狂怒,2,葡萄酒,血棘 × 1，火铃铛 × 1，血红石 × 1,{},3.0,125.49999904632568,1.0,2.0,当前最好可行解
no_salt,狂怒,3,水,繁之花 × 2，龙椒 × 1，迷雾伞 × 1,{},4.0,107.0,1.0,3.0,当前最好可行解
no_salt,疯长,1,油,治疗师的石楠 × 1，神莓 × 1，水之花 × 1,{},3.0,36.499999046325684,1.0,2.0,当前最好可行解
no_salt,疯长,2,水,治疗师的石楠 × 1，苔藓菇 × 1，生命叶 × 1,{},3.0,38.39999961853027,1.0,2.0,当前最好可行解
no_salt,疯长,3,水,治疗师的石楠 × 1，苔藓菇 × 1，水之花 × 1,{},3.0,40.59999942779541,1.0,2.0,当前最好可行解
no_salt,睡眠,1,葡萄酒,水之盖 × 1，治疗师的石楠 × 1,{},2.0,45.69999885559082,1.0,1.0,当前最好可行解
no_salt,睡眠,2,水,寒叶 × 1，缠枝草 × 1，治疗师的石楠 × 1,{},3.0,51.599998474121094,1.0,2.0,当前最好可行解
no_salt,睡眠,3,水,寒叶 × 1，缠枝草 × 1，治疗师的石楠 × 1,{},3.0,51.599998474121094,1.0,2.0,当前最好可行解
no_salt,石肤,1,油,金棘 × 1，常青蕨 × 1,{},2.0,40.80000114440918,1.0,1.0,当前最好可行解
no_salt,石肤,2,水,泥浆菇 × 2，金棘 × 1,{},3.0,62.400001525878906,1.0,2.0,当前最好可行解
no_salt,石肤,3,水,泥浆菇 × 2，金棘 × 1,{},3.0,62.400001525878906,1.0,2.0,当前最好可行解
no_salt,缩小,1,油,水之盖 × 2，冰霜蓝宝石 × 1，缠枝草 × 1，苔藓菇 × 1，生命叶 × 1,{},6.0,178.60000228881836,1.0,5.0,当前最好可行解
no_salt,缩小,2,油,水之盖 × 2，冰霜蓝宝石 × 1，缠枝草 × 1，苔藓菇 × 1，生命叶 × 1,{},6.0,178.60000228881836,1.0,5.0,当前最好可行解
no_salt,缩小,3,油,水之盖 × 2，冰霜蓝宝石 × 1，缠枝草 × 1，苔藓菇 × 1，生命叶 × 1,{},6.0,178.60000228881836,1.0,5.0,当前最好可行解
no_salt,胶着,1,油,泥浆菇 × 2，沼泽菇 × 1,{},3.0,56.30000114440918,1.0,2.0,当前最好可行解
no_salt,胶着,2,油,泥浆菇 × 2，沼泽菇 × 1,{},3.0,56.30000114440918,1.0,2.0,当前最好可行解
no_salt,胶着,3,油,泥浆菇 × 2，沼泽菇 × 1,{},3.0,56.30000114440918,1.0,2.0,当前最好可行解
no_salt,臭味,1,油,墓穴松露 × 1，沼泽菇 × 2,{},3.0,57.70000076293945,1.0,2.0,当前最好可行解
no_salt,臭味,2,油,墓穴松露 × 2，屎壳菌 × 1,{},3.0,72.0,1.0,2.0,当前最好可行解
no_salt,臭味,3,油,墓穴松露 × 2，屎壳菌 × 1,{},3.0,72.0,1.0,2.0,当前最好可行解
no_salt,致幻,1,葡萄酒,奥术水晶 × 1，咒之花 × 1，法师莓 × 1,{},3.0,188.9000015258789,1.0,2.0,当前最好可行解
no_salt,致幻,2,葡萄酒,奥术水晶 × 1，咒之花 × 1，法师莓 × 1,{},3.0,188.9000015258789,1.0,2.0,当前最好可行解
no_salt,致幻,3,葡萄酒,奥术水晶 × 1，咒之花 × 1，法师莓 × 1,{},3.0,188.9000015258789,1.0,2.0,当前最好可行解
no_salt,诅咒,1,葡萄酒,龙椒 × 1，岩浆羊肚菌 × 1，瘟疫辉锑矿 × 1,{},3.0,138.99999809265137,1.0,2.0,当前最好可行解
no_salt,诅咒,2,葡萄酒,龙椒 × 1，瘟疫辉锑矿 × 1，毛蕉 × 1，火铃铛 × 1,{},4.0,136.1999979019165,1.0,3.0,当前最好可行解
no_salt,诅咒,3,葡萄酒,龙椒 × 1，瘟疫辉锑矿 × 1，毛蕉 × 1，火铃铛 × 1,{},4.0,136.1999979019165,1.0,3.0,当前最好可行解
no_salt,透视,1,水,咒之花 × 2，生命水晶 × 1,{},3.0,133.3000030517578,1.0,2.0,当前最好可行解
no_salt,透视,2,水,咒之花 × 1，水之盖 × 1，冰霜蓝宝石 × 1,{},3.0,153.2000026702881,1.0,2.0,当前最好可行解
no_salt,透视,3,水,咒之花 × 1，水之盖 × 1，冰霜蓝宝石 × 1，风之花 × 1,{},4.0,162.90000247955322,1.0,3.0,当前最好可行解
no_salt,酸,1,葡萄酒,龙椒 × 1，瘟疫辉锑矿 × 1，恶臭磨菇 × 1,{},3.0,119.89999771118164,1.0,2.0,当前最好可行解
no_salt,酸,2,水,墓穴松露 × 2，硫磺架 × 1，岩浆羊肚菌 × 1,{},4.0,101.30000019073486,1.0,3.0,当前最好可行解
no_salt,酸,3,水,墓穴松露 × 2，硫磺架 × 1，岩浆羊肚菌 × 1,{},4.0,101.30000019073486,1.0,3.0,当前最好可行解
no_salt,闪电,1,油,咒之花 × 1，云晶 × 1,{},2.0,143.8000030517578,1.0,1.0,当前最好可行解
no_salt,闪电,2,水,咒之花 × 1，幻影裙 × 1，巫术蘑菇 × 1,{},3.0,79.60000038146973,1.0,2.0,当前最好可行解
no_salt,闪电,3,水,咒之花 × 1，幻影裙 × 1，巫术蘑菇 × 1,{},3.0,79.60000038146973,1.0,2.0,当前最好可行解
no_salt,防冻,1,油,岩浆羊肚菌 × 2，硫磺架 × 1，毛蕉 × 1,{},4.0,80.50000095367432,1.0,3.0,当前最好可行解
no_salt,防冻,2,油,岩浆羊肚菌 × 2，硫磺架 × 1，毛蕉 × 1,{},4.0,80.50000095367432,1.0,3.0,当前最好可行解
no_salt,防冻,3,油,岩浆羊肚菌 × 2，硫磺架 × 1，毛蕉 × 1,{},4.0,80.50000095367432,1.0,3.0,当前最好可行解
no_salt,防毒,1,油,治疗师的石楠 × 2，生命叶 × 1,{},3.0,44.599998474121094,1.0,2.0,当前最好可行解
no_salt,防毒,2,油,治疗师的石楠 × 2，屎壳菌 × 1,{},3.0,47.599998474121094,1.0,2.0,当前最好可行解
no_salt,防毒,3,油,治疗师的石楠 × 2，屎壳菌 × 1,{},3.0,47.599998474121094,1.0,2.0,当前最好可行解
no_salt,防火,1,油,缠枝草 × 4,{},4.0,51.599998474121094,1.0,3.0,当前最好可行解
no_salt,防火,2,油,水之盖 × 2，缠枝草 × 1，水之花 × 1,{},4.0,73.89999866485596,1.0,3.0,当前最好可行解
no_salt,防火,3,油,水之盖 × 2，缠枝草 × 1，水之花 × 1,{},4.0,73.89999866485596,1.0,3.0,当前最好可行解
no_salt,防电,1,油,泥浆菇 × 3，德魯伊的迷迭香 × 1,{},4.0,77.4000015258789,1.0,3.0,当前最好可行解
no_salt,防电,2,油,泥浆菇 × 3，德魯伊的迷迭香 × 1,{},4.0,77.4000015258789,1.0,3.0,当前最好可行解
no_salt,防电,3,油,泥浆菇 × 3，德魯伊的迷迭香 × 1,{},4.0,77.4000015258789,1.0,3.0,当前最好可行解
no_salt,防酸,1,油,治疗师的石楠 × 4,{},4.0,77.19999694824219,1.0,3.0,当前最好可行解
no_salt,防酸,2,油,治疗师的石楠 × 4,{},4.0,77.19999694824219,1.0,3.0,当前最好可行解
no_salt,防酸,3,油,治疗师的石楠 × 3，常青蕨 × 1,{},4.0,79.49999809265137,1.0,3.0,当前最好可行解
no_salt,隐形,1,油,漩涡草 × 2，血棘 × 1，羽之花 × 1,{},4.0,89.0999984741211,1.0,3.0,当前最好可行解
no_salt,隐形,2,水,咒之花 × 1，漩涡草 × 1，迷雾伞 × 1，雷蓟 × 1，掌握根茎 × 1,{},5.0,117.60000038146973,1.0,4.0,当前最好可行解
no_salt,隐形,3,水,咒之花 × 1，漩涡草 × 1，迷雾伞 × 1，雷蓟 × 1，掌握根茎 × 1,{},5.0,117.60000038146973,1.0,4.0,当前最好可行解
no_salt,香气,1,葡萄酒,水之盖 × 1，寒叶 × 1，生命水晶 × 1,{},3.0,113.10000228881836,1.0,2.0,当前最好可行解
no_salt,香气,2,葡萄酒,水之盖 × 1，寒叶 × 1，生命水晶 × 1，树仙鞍菇 × 1,{},4.0,121.50000190734863,1.0,3.0,当前最好可行解
no_salt,香气,3,葡萄酒,水之盖 × 1，寒叶 × 1，生命水晶 × 1，树仙鞍菇 × 1,{},4.0,121.50000190734863,1.0,3.0,当前最好可行解
no_salt,魅力,1,葡萄酒,血红石 × 1，云晶 × 1,{},2.0,211.8000030517578,1.0,1.0,当前最好可行解
no_salt,魅力,2,水,漩涡草 × 2，熔岩根茎 × 1，疯癫磨菇 × 1,{},4.0,75.5,1.0,3.0,当前最好可行解
no_salt,魅力,3,水,漩涡草 × 2，熔岩根茎 × 1，疯癫磨菇 × 1,{},4.0,75.5,1.0,3.0,当前最好可行解
with_salt,中毒,1,油,恶臭磨菇 × 1,{},1.0,7.5,1.0,0.0,药材等价消耗已达资源下界（当前引擎模型）
with_salt,中毒,2,油,恶臭磨菇 × 1,{},1.0,7.5,1.0,0.0,药材等价消耗已达资源下界（当前引擎模型）
with_salt,中毒,3,水,恶臭磨菇 × 2,{},2.0,15.0,1.0,1.0,当前最好可行解
with_salt,光,1,油,熔岩根茎 × 1，硫磺架 × 2,{},3.0,37.79999923706055,1.0,2.0,当前最好可行解
with_salt,光,2,水,岩浆羊肚菌 × 1，火焰草 × 1，恐怖芽 × 1,{},3.0,60.5,1.0,2.0,当前最好可行解
with_salt,光,3,水,岩浆羊肚菌 × 1，火焰草 × 1，恐怖芽 × 1,{},3.0,60.5,1.0,2.0,当前最好可行解
with_salt,冰霜,1,葡萄酒,缠枝草 × 1,{},1.0,12.899999618530273,1.0,0.0,药材等价消耗已达资源下界（当前引擎模型）
with_salt,冰霜,2,葡萄酒,缠枝草 × 1,{},1.0,12.899999618530273,1.0,0.0,药材等价消耗已达资源下界（当前引擎模型）
with_salt,冰霜,3,水,水之花 × 1，缠枝草 × 1,{},2.0,21.09999942779541,1.0,1.0,当前最好可行解
with_salt,减速,1,葡萄酒,泥浆菇 × 1，土黄铁矿 × 1,{},2.0,98.40000343322754,1.0,1.0,当前最好可行解
with_salt,减速,2,葡萄酒,泥浆菇 × 1，土黄铁矿 × 1,{},2.0,98.40000343322754,1.0,1.0,当前最好可行解
with_salt,减速,3,葡萄酒,泥浆菇 × 1，土黄铁矿 × 1,"{""sun"": 139}",3.39,135.09600290298462,1.0,2.39,当前最好可行解
with_salt,力量,1,葡萄酒,泥浆菇 × 1,{},1.0,21.600000381469727,1.0,0.0,药材等价消耗已达资源下界（当前引擎模型）
with_salt,力量,2,葡萄酒,泥浆菇 × 1,{},1.0,21.600000381469727,1.0,0.0,药材等价消耗已达资源下界（当前引擎模型）
with_salt,力量,3,水,治疗师的石楠 × 1，墓穴松露 × 1,{},2.0,50.79999923706055,1.0,1.0,当前最好可行解
with_salt,加速,1,水,漩涡草 × 1，羽之花 × 1,{},2.0,46.79999923706055,1.0,1.0,当前最好可行解
with_salt,加速,2,水,漩涡草 × 2,{},2.0,52.0,1.0,1.0,当前最好可行解
with_salt,加速,3,水,漩涡草 × 2,{},2.0,52.0,1.0,1.0,当前最好可行解
with_salt,反魔法,1,油,咒之花 × 2，奥术水晶 × 1，影子鸡油菇 × 1，法师莓 × 1,{},5.0,242.70000076293945,1.0,4.0,当前最好可行解
with_salt,反魔法,2,油,咒之花 × 2，奥术水晶 × 2，法师莓 × 1,{},5.0,339.7000045776367,1.0,4.0,当前最好可行解
with_salt,反魔法,3,油,咒之花 × 2，缠枝草 × 1，法师莓 × 1，幻梦甜菜 × 1，风之花 × 1,{},6.0,145.09999752044678,1.0,5.0,当前最好可行解
with_salt,回春,1,油,治疗师的石楠 × 4，水之盖 × 1，水之花 × 1,{},6.0,111.7999963760376,1.0,5.0,当前最好可行解
with_salt,回春,2,油,治疗师的石楠 × 4，水之盖 × 1，树仙鞍菇 × 1,{},6.0,111.99999618530273,1.0,5.0,当前最好可行解
with_salt,回春,3,油,治疗师的石楠 × 4，水之盖 × 1，树仙鞍菇 × 1,{},6.0,111.99999618530273,1.0,5.0,当前最好可行解
with_salt,巨化,1,油,岩浆羊肚菌 × 3，繁之花 × 1，硫磺架 × 1,{},5.0,119.80000019073486,1.0,4.0,当前最好可行解
with_salt,巨化,2,油,岩浆羊肚菌 × 3，繁之花 × 1，火焰草 × 1,{},5.0,125.70000076293945,1.0,4.0,当前最好可行解
with_salt,巨化,3,油,岩浆羊肚菌 × 3，龙椒 × 1，繁之花 × 1,{},5.0,136.30000114440918,1.0,4.0,当前最好可行解
with_salt,幸运,1,葡萄酒,水之盖 × 1，奥术水晶 × 1，幻梦甜菜 × 1，冰霜蓝宝石 × 1,{},4.0,256.4000053405762,1.0,3.0,当前最好可行解
with_salt,幸运,2,葡萄酒,水之盖 × 1，奥术水晶 × 1，幻梦甜菜 × 1，冰霜蓝宝石 × 1,{},4.0,256.4000053405762,1.0,3.0,当前最好可行解
with_salt,幸运,3,葡萄酒,水之盖 × 1，奥术水晶 × 1，幻梦甜菜 × 1，冰霜蓝宝石 × 1,{},4.0,256.4000053405762,1.0,3.0,当前最好可行解
with_salt,性欲,1,葡萄酒,龙椒 × 1，熔岩根茎 × 1,{},2.0,42.60000038146973,1.0,1.0,当前最好可行解
with_salt,性欲,2,葡萄酒,龙椒 × 1，火铃铛 × 1，疯癫磨菇 × 1,{},3.0,45.500000953674316,1.0,2.0,当前最好可行解
with_salt,性欲,3,葡萄酒,龙椒 × 1，火焰草 × 1，血红石 × 1,"{""moon"": 56}",3.56,161.58400093078615,1.0,2.56,当前最好可行解
with_salt,恐忧,1,葡萄酒,火黄晶 × 1，恐怖芽 × 1，血红石 × 1，绒之花 × 1,{},4.0,236.00000190734863,1.0,3.0,当前最好可行解
with_salt,恐忧,2,葡萄酒,血红石 × 2，火焰草 × 1，迷雾伞 × 1,{},4.0,241.80000114440918,1.0,3.0,当前最好可行解
with_salt,恐忧,3,葡萄酒,血红石 × 2，火焰草 × 1，迷雾伞 × 1,{},4.0,241.80000114440918,1.0,3.0,当前最好可行解
with_salt,悬浮,1,葡萄酒,云晶 × 1，雷蓟 × 1，血红石 × 1,{},3.0,229.3000030517578,1.0,2.0,当前最好可行解
with_salt,悬浮,2,水,漩涡草 × 2，疯癫磨菇 × 1，云晶 × 1，血棘 × 1,{},5.0,188.2000026702881,1.0,4.0,当前最好可行解
with_salt,悬浮,3,水,漩涡草 × 2，云晶 × 1，风之花 × 1，掌握根茎 × 1,{},5.0,191.40000247955322,1.0,4.0,当前最好可行解
with_salt,死灵术,1,葡萄酒,泥浆菇 × 1，棘条 × 1，瘟疫辉锑矿 × 1,{},3.0,123.99999809265137,1.0,2.0,当前最好可行解
with_salt,死灵术,2,水,墓穴松露 × 2，泥浆菇 × 1，棘条 × 1，火黄晶 × 1,{},5.0,196.600004196167,1.0,4.0,当前最好可行解
with_salt,死灵术,3,水,墓穴松露 × 2，泥浆菇 × 1，棘条 × 1，火黄晶 × 1,{},5.0,196.600004196167,1.0,4.0,当前最好可行解
with_salt,治疗,1,油,生命叶 × 1,{},1.0,6.0,1.0,0.0,药材等价消耗已达资源下界（当前引擎模型）
with_salt,治疗,2,葡萄酒,生命叶 × 1,{},1.0,6.0,1.0,0.0,药材等价消耗已达资源下界（当前引擎模型）
with_salt,治疗,3,水,治疗师的石楠 × 1,{},1.0,19.299999237060547,1.0,0.0,药材等价消耗已达资源下界（当前引擎模型）
with_salt,法力,1,葡萄酒,法师莓 × 1,{},1.0,38.099998474121094,1.0,0.0,药材等价消耗已达资源下界（当前引擎模型）
with_salt,法力,2,水,咒之花 × 1，巫术蘑菇 × 1,{},2.0,43.60000038146973,1.0,1.0,当前最好可行解
with_salt,法力,3,水,咒之花 × 1，影子鸡油菇 × 1,{},2.0,53.79999923706055,1.0,1.0,当前最好可行解
with_salt,滑润,1,油,水之盖 × 1，冰霜蓝宝石 × 1，常青蕨 × 1,{},3.0,141.8000030517578,1.0,2.0,当前最好可行解
with_salt,滑润,2,油,寒叶 × 1，缠枝草 × 2，生命叶 × 1,{},4.0,51.19999885559082,1.0,3.0,当前最好可行解
with_salt,滑润,3,油,寒叶 × 1，缠枝草 × 2，生命叶 × 1,{},4.0,51.19999885559082,1.0,3.0,当前最好可行解
with_salt,火,1,油,墓穴松露 × 1,"{""sun"": 78}",1.78,52.09199970245361,1.0,0.78,当前最好可行解
with_salt,火,2,油,硫磺架 × 2,{},2.0,23.399999618530273,1.0,1.0,当前最好可行解
with_salt,火,3,水,熔岩根茎 × 1，硫磺架 × 1,{},2.0,26.09999942779541,1.0,1.0,当前最好可行解
with_salt,灵巧,1,葡萄酒,法师莓 × 1，冰霜蓝宝石 × 1,{},2.0,131.9000015258789,1.0,1.0,当前最好可行解
with_salt,灵巧,2,葡萄酒,法师莓 × 1，冰霜蓝宝石 × 1,{},2.0,131.9000015258789,1.0,1.0,当前最好可行解
with_salt,灵巧,3,葡萄酒,水之盖 × 1，奥术水晶 × 1,"{""sun"": 83}",2.83,166.1120023536682,1.0,1.83,当前最好可行解
with_salt,灵感,1,葡萄酒,云晶 × 1，咒之花 × 1，风之花 × 1，血红石 × 1,{},4.0,254.50000286102295,1.0,3.0,当前最好可行解
with_salt,灵感,2,葡萄酒,云晶 × 1，咒之花 × 1，风之花 × 1，血红石 × 1,{},4.0,254.50000286102295,1.0,3.0,当前最好可行解
with_salt,灵感,3,葡萄酒,云晶 × 1，咒之花 × 1，羽之花 × 1，血红石 × 1,{},4.0,265.60000228881836,1.0,3.0,当前最好可行解
with_salt,爆炸,1,油,疯癫磨菇 × 1，血棘 × 1,{},2.0,25.399999618530273,1.0,1.0,当前最好可行解
with_salt,爆炸,2,水,繁之花 × 1，掌握根茎 × 1,{},2.0,47.19999885559082,1.0,1.0,当前最好可行解
with_salt,爆炸,3,水,繁之花 × 1，掌握根茎 × 1,{},2.0,47.19999885559082,1.0,1.0,当前最好可行解
with_salt,狂怒,1,葡萄酒,血棘 × 1，火铃铛 × 1，血红石 × 1,{},3.0,125.49999904632568,1.0,2.0,当前最好可行解
with_salt,狂怒,2,葡萄酒,血棘 × 1，火铃铛 × 1，血红石 × 1,{},3.0,125.49999904632568,1.0,2.0,当前最好可行解
with_salt,狂怒,3,水,繁之花 × 2，龙椒 × 1，迷雾伞 × 1,{},4.0,107.0,1.0,3.0,当前最好可行解
with_salt,疯长,1,油,治疗师的石楠 × 1，神莓 × 1，水之花 × 1,{},3.0,36.499999046325684,1.0,2.0,当前最好可行解
with_salt,疯长,2,水,治疗师的石楠 × 1，苔藓菇 × 1，生命叶 × 1,{},3.0,38.39999961853027,1.0,2.0,当前最好可行解
with_salt,疯长,3,水,治疗师的石楠 × 1，苔藓菇 × 1，水之花 × 1,{},3.0,40.59999942779541,1.0,2.0,当前最好可行解
with_salt,睡眠,1,葡萄酒,水之盖 × 1，治疗师的石楠 × 1,{},2.0,45.69999885559082,1.0,1.0,当前最好可行解
with_salt,睡眠,2,水,寒叶 × 1，缠枝草 × 1，治疗师的石楠 × 1,{},3.0,51.599998474121094,1.0,2.0,当前最好可行解
with_salt,睡眠,3,水,寒叶 × 1，缠枝草 × 1，治疗师的石楠 × 1,{},3.0,51.599998474121094,1.0,2.0,当前最好可行解
with_salt,石肤,1,油,金棘 × 1，常青蕨 × 1,{},2.0,40.80000114440918,1.0,1.0,当前最好可行解
with_salt,石肤,2,水,泥浆菇 × 2，金棘 × 1,{},3.0,62.400001525878906,1.0,2.0,当前最好可行解
with_salt,石肤,3,水,泥浆菇 × 2，金棘 × 1,{},3.0,62.400001525878906,1.0,2.0,当前最好可行解
with_salt,缩小,1,油,水之盖 × 2，冰霜蓝宝石 × 1，缠枝草 × 1，苔藓菇 × 1，生命叶 × 1,{},6.0,178.60000228881836,1.0,5.0,当前最好可行解
with_salt,缩小,2,油,水之盖 × 2，冰霜蓝宝石 × 1，缠枝草 × 1，苔藓菇 × 1，生命叶 × 1,{},6.0,178.60000228881836,1.0,5.0,当前最好可行解
with_salt,缩小,3,油,水之盖 × 2，冰霜蓝宝石 × 1，缠枝草 × 1，苔藓菇 × 1，生命叶 × 1,{},6.0,178.60000228881836,1.0,5.0,当前最好可行解
with_salt,胶着,1,油,泥浆菇 × 2，沼泽菇 × 1,{},3.0,56.30000114440918,1.0,2.0,当前最好可行解
with_salt,胶着,2,油,泥浆菇 × 2，沼泽菇 × 1,{},3.0,56.30000114440918,1.0,2.0,当前最好可行解
with_salt,胶着,3,油,泥浆菇 × 2，沼泽菇 × 1,{},3.0,56.30000114440918,1.0,2.0,当前最好可行解
with_salt,臭味,1,油,墓穴松露 × 1，沼泽菇 × 2,{},3.0,57.70000076293945,1.0,2.0,当前最好可行解
with_salt,臭味,2,油,墓穴松露 × 2，屎壳菌 × 1,{},3.0,72.0,1.0,2.0,当前最好可行解
with_salt,臭味,3,油,墓穴松露 × 2，屎壳菌 × 1,{},3.0,72.0,1.0,2.0,当前最好可行解
with_salt,致幻,1,葡萄酒,奥术水晶 × 1，咒之花 × 1，法师莓 × 1,{},3.0,188.9000015258789,1.0,2.0,当前最好可行解
with_salt,致幻,2,葡萄酒,奥术水晶 × 1，咒之花 × 1，法师莓 × 1,{},3.0,188.9000015258789,1.0,2.0,当前最好可行解
with_salt,致幻,3,葡萄酒,奥术水晶 × 1，咒之花 × 1，法师莓 × 1,{},3.0,188.9000015258789,1.0,2.0,当前最好可行解
with_salt,诅咒,1,葡萄酒,龙椒 × 1，岩浆羊肚菌 × 1，瘟疫辉锑矿 × 1,{},3.0,138.99999809265137,1.0,2.0,当前最好可行解
with_salt,诅咒,2,葡萄酒,龙椒 × 1，瘟疫辉锑矿 × 1，毛蕉 × 1，火铃铛 × 1,{},4.0,136.1999979019165,1.0,3.0,当前最好可行解
with_salt,诅咒,3,葡萄酒,龙椒 × 1，瘟疫辉锑矿 × 1，毛蕉 × 1，火铃铛 × 1,{},4.0,136.1999979019165,1.0,3.0,当前最好可行解
with_salt,透视,1,水,咒之花 × 2，生命水晶 × 1,{},3.0,133.3000030517578,1.0,2.0,当前最好可行解
with_salt,透视,2,水,咒之花 × 1，水之盖 × 1，冰霜蓝宝石 × 1,{},3.0,153.2000026702881,1.0,2.0,当前最好可行解
with_salt,透视,3,水,咒之花 × 1，水之盖 × 1，冰霜蓝宝石 × 1，风之花 × 1,{},4.0,162.90000247955322,1.0,3.0,当前最好可行解
with_salt,酸,1,葡萄酒,龙椒 × 1，瘟疫辉锑矿 × 1，恶臭磨菇 × 1,{},3.0,119.89999771118164,1.0,2.0,当前最好可行解
with_salt,酸,2,水,墓穴松露 × 2，硫磺架 × 1，岩浆羊肚菌 × 1,{},4.0,101.30000019073486,1.0,3.0,当前最好可行解
with_salt,酸,3,水,墓穴松露 × 2，硫磺架 × 1，岩浆羊肚菌 × 1,{},4.0,101.30000019073486,1.0,3.0,当前最好可行解
with_salt,闪电,1,油,咒之花 × 1，云晶 × 1,{},2.0,143.8000030517578,1.0,1.0,当前最好可行解
with_salt,闪电,2,水,咒之花 × 1，幻影裙 × 1，巫术蘑菇 × 1,{},3.0,79.60000038146973,1.0,2.0,当前最好可行解
with_salt,闪电,3,水,咒之花 × 1，幻影裙 × 1，巫术蘑菇 × 1,{},3.0,79.60000038146973,1.0,2.0,当前最好可行解
with_salt,防冻,1,油,岩浆羊肚菌 × 2，硫磺架 × 1，毛蕉 × 1,{},4.0,80.50000095367432,1.0,3.0,当前最好可行解
with_salt,防冻,2,油,岩浆羊肚菌 × 2，硫磺架 × 1，毛蕉 × 1,{},4.0,80.50000095367432,1.0,3.0,当前最好可行解
with_salt,防冻,3,油,岩浆羊肚菌 × 2，硫磺架 × 1，毛蕉 × 1,{},4.0,80.50000095367432,1.0,3.0,当前最好可行解
with_salt,防毒,1,油,治疗师的石楠 × 2，生命叶 × 1,{},3.0,44.599998474121094,1.0,2.0,当前最好可行解
with_salt,防毒,2,油,治疗师的石楠 × 2，屎壳菌 × 1,{},3.0,47.599998474121094,1.0,2.0,当前最好可行解
with_salt,防毒,3,油,治疗师的石楠 × 2，屎壳菌 × 1,{},3.0,47.599998474121094,1.0,2.0,当前最好可行解
with_salt,防火,1,油,缠枝草 × 4,{},4.0,51.599998474121094,1.0,3.0,当前最好可行解
with_salt,防火,2,油,水之盖 × 2，缠枝草 × 1，水之花 × 1,{},4.0,73.89999866485596,1.0,3.0,当前最好可行解
with_salt,防火,3,油,水之盖 × 2，缠枝草 × 1，水之花 × 1,{},4.0,73.89999866485596,1.0,3.0,当前最好可行解
with_salt,防电,1,油,泥浆菇 × 3，德魯伊的迷迭香 × 1,{},4.0,77.4000015258789,1.0,3.0,当前最好可行解
with_salt,防电,2,油,泥浆菇 × 3，德魯伊的迷迭香 × 1,{},4.0,77.4000015258789,1.0,3.0,当前最好可行解
with_salt,防电,3,油,泥浆菇 × 3，德魯伊的迷迭香 × 1,{},4.0,77.4000015258789,1.0,3.0,当前最好可行解
with_salt,防酸,1,油,治疗师的石楠 × 4,{},4.0,77.19999694824219,1.0,3.0,当前最好可行解
with_salt,防酸,2,油,治疗师的石楠 × 4,{},4.0,77.19999694824219,1.0,3.0,当前最好可行解
with_salt,防酸,3,油,治疗师的石楠 × 3，常青蕨 × 1,{},4.0,79.49999809265137,1.0,3.0,当前最好可行解
with_salt,隐形,1,油,漩涡草 × 2，血棘 × 1，羽之花 × 1,{},4.0,89.0999984741211,1.0,3.0,当前最好可行解
with_salt,隐形,2,水,咒之花 × 1，漩涡草 × 1，迷雾伞 × 1，雷蓟 × 1，掌握根茎 × 1,{},5.0,117.60000038146973,1.0,4.0,当前最好可行解
with_salt,隐形,3,水,咒之花 × 1，漩涡草 × 1，迷雾伞 × 1，雷蓟 × 1，掌握根茎 × 1,{},5.0,117.60000038146973,1.0,4.0,当前最好可行解
with_salt,香气,1,葡萄酒,水之盖 × 1，寒叶 × 1，生命水晶 × 1,{},3.0,113.10000228881836,1.0,2.0,当前最好可行解
with_salt,香气,2,葡萄酒,水之盖 × 1，寒叶 × 1，生命水晶 × 1，树仙鞍菇 × 1,{},4.0,121.50000190734863,1.0,3.0,当前最好可行解
with_salt,香气,3,葡萄酒,水之盖 × 1，寒叶 × 1，生命水晶 × 1，树仙鞍菇 × 1,{},4.0,121.50000190734863,1.0,3.0,当前最好可行解
with_salt,魅力,1,葡萄酒,血红石 × 1，云晶 × 1,{},2.0,211.8000030517578,1.0,1.0,当前最好可行解
with_salt,魅力,2,水,漩涡草 × 2，熔岩根茎 × 1，疯癫磨菇 × 1,{},4.0,75.5,1.0,3.0,当前最好可行解
with_salt,魅力,3,水,漩涡草 × 2，熔岩根茎 × 1，疯癫磨菇 × 1,{},4.0,75.5,1.0,3.0,当前最好可行解
